{
    "name": "InvisibleDoodle",
    "state_vars": [
        "saleIsActive",
        "_baseURIextended",
        "Price",
        "maxSupply",
        "proxyRegistryAddress",
        "_owner",
        "currentIndex",
        "maxBatchSize",
        "_name",
        "_symbol",
        "_ownerships",
        "_addressData",
        "_tokenApprovals",
        "_operatorApprovals",
        "nextOwnerToExplicitlySet"
    ],
    "func_calls": [
        "ProxyRegistry",
        "require",
        "require",
        "_safeMint",
        "require",
        "_safeMint",
        "require"
    ],
    "func_defs": [
        "",
        "setBaseURI",
        "_baseURI",
        "setSaleState",
        "setPrice",
        "setProxyRegistryAddress",
        "isApprovedForAll",
        "mint",
        "gift",
        "withdraw"
    ],
    "safe_func_call_info": [],
    "func_name_to_params": {
        "setBaseURI": [
            {
                "name": "baseURI_",
                "type": "ElementaryTypeName"
            }
        ],
        "setSaleState": [
            {
                "name": "newState",
                "type": "ElementaryTypeName"
            }
        ],
        "setPrice": [
            {
                "name": "newPrice",
                "type": "ElementaryTypeName"
            }
        ],
        "setProxyRegistryAddress": [
            {
                "name": "proxyAddress",
                "type": "ElementaryTypeName"
            }
        ],
        "isApprovedForAll": [
            {
                "name": "owner",
                "type": "ElementaryTypeName"
            },
            {
                "name": "operator",
                "type": "ElementaryTypeName"
            }
        ],
        "mint": [
            {
                "name": "numberOfTokens",
                "type": "ElementaryTypeName"
            }
        ],
        "gift": [
            {
                "name": "_to",
                "type": "ElementaryTypeName"
            },
            {
                "name": "numberOfTokens",
                "type": "ElementaryTypeName"
            }
        ]
    },
    "func_call_srcs": [
        {
            "src": "39595:35:0",
            "name": "ProxyRegistry"
        },
        {
            "src": "39644:37:0",
            "name": "Unknown"
        },
        {
            "src": "39747:39:0",
            "name": "isApprovedForAll"
        },
        {
            "src": "39868:42:0",
            "name": "require"
        },
        {
            "src": "39920:76:0",
            "name": "require"
        },
        {
            "src": "40008:37:0",
            "name": "_safeMint"
        },
        {
            "src": "40143:98:0",
            "name": "require"
        },
        {
            "src": "40251:30:0",
            "name": "_safeMint"
        },
        {
            "src": "40359:49:0",
            "name": "call"
        },
        {
            "src": "40418:112:0",
            "name": "require"
        }
    ],
    "callee_src": [
        {
            "function_name": "sender",
            "src": "40359:15:0"
        }
    ]
}